name;version;date
app-layout-element;0.1.0;2025-03-11
app-layout-element;0.2.0;2025-03-12
component-showcase-element;0.1.0;2025-03-11
context-api;0.1.0;2025-03-29
context-api;0.2.0;2025-03-29
element-utils;0.1.0;2025-03-11
element-utils;0.2.0;2025-03-12
element-utils;0.3.0;2025-03-20
element-utils;0.4.0;2025-03-29
inline-note-element;0.1.0;2025-03-11
inline-note-element;0.2.0;2025-03-29
json-resume-parent-element;0.1.0;2025-03-18
markdown-content-element;0.1.0;2025-03-18
markdown-content-element;0.2.0;2025-03-29
notice-box-element;0.2.0;2025-03-11
value-date-element;0.1.0;2025-03-11
value-date-element;0.2.0;2025-03-12
value-date-element;0.3.0;2025-03-19
value-date-element;0.4.0;2025-03-28
value-date-element;0.5.0;2025-03-29
work-experience-element;0.1.0;2025-03-11
work-experience-element;0.2.0;2025-03-29
workbench-maintenance-utils;0.1.0;2025-03-11
context-api;1.0.0;2025-08-08
element-utils;0.5.0;2025-08-08
http-utils;0.1.0;2025-08-08
jsonresume-element;0.1.0;2025-08-08
jsonresume-utils;0.1.0;2025-08-08
